42219632,https://api.soundcloud.com/tracks/42219632,none
52011522,https://api.soundcloud.com/tracks/52011522,me
50285276,https://api.soundcloud.com/tracks/50285276,me
102055297,https://api.soundcloud.com/tracks/102055297,me
101152002,https://api.soundcloud.com/tracks/101152002,all
59245777,https://api.soundcloud.com/tracks/59245777,all
68030916,https://api.soundcloud.com/tracks/68030916,all
34710262,https://api.soundcloud.com/tracks/34710262,all
99698347,https://api.soundcloud.com/tracks/99698347,all
58529001,https://api.soundcloud.com/tracks/58529001,all
104958291,https://api.soundcloud.com/tracks/104958291,all
84731701,https://api.soundcloud.com/tracks/84731701,all
54289436,https://api.soundcloud.com/tracks/54289436,all
110060536,https://api.soundcloud.com/tracks/110060536,all
86613376,https://api.soundcloud.com/tracks/86613376,all
84730114,https://api.soundcloud.com/tracks/84730114,all
114707137,https://api.soundcloud.com/tracks/114707137,all
107521157,https://api.soundcloud.com/tracks/107521157,all
52005658,https://api.soundcloud.com/tracks/52005658,all
54917877,https://api.soundcloud.com/tracks/54917877,all
124227686,https://api.soundcloud.com/tracks/124227686,all
111220882,https://api.soundcloud.com/tracks/111220882,all
39872076,https://api.soundcloud.com/tracks/39872076,all
50717103,https://api.soundcloud.com/tracks/50717103,all
88561379,https://api.soundcloud.com/tracks/88561379,all
126440554,https://api.soundcloud.com/tracks/126440554,all
54599652,https://api.soundcloud.com/tracks/54599652,all
101546769,https://api.soundcloud.com/tracks/101546769,all
120016264,https://api.soundcloud.com/tracks/120016264,all
64083823,https://api.soundcloud.com/tracks/64083823,all
71877630,https://api.soundcloud.com/tracks/71877630,all
36474669,https://api.soundcloud.com/tracks/36474669,all
102366652,https://api.soundcloud.com/tracks/102366652,all
99657968,https://api.soundcloud.com/tracks/99657968,all
80763634,https://api.soundcloud.com/tracks/80763634,all
102995045,https://api.soundcloud.com/tracks/102995045,all
81825733,https://api.soundcloud.com/tracks/81825733,all
87883938,https://api.soundcloud.com/tracks/87883938,all
104221968,https://api.soundcloud.com/tracks/104221968,all
56739666,https://api.soundcloud.com/tracks/56739666,all
126970348,https://api.soundcloud.com/tracks/126970348,all
58113529,https://api.soundcloud.com/tracks/58113529,all
86970038,https://api.soundcloud.com/tracks/86970038,all
67005281,https://api.soundcloud.com/tracks/67005281,all
35842122,https://api.soundcloud.com/tracks/35842122,all
98468953,https://api.soundcloud.com/tracks/98468953,all
104432414,https://api.soundcloud.com/tracks/104432414,all
85781127,https://api.soundcloud.com/tracks/85781127,all
54374375,https://api.soundcloud.com/tracks/54374375,all
113032479,https://api.soundcloud.com/tracks/113032479,all
90278768,https://api.soundcloud.com/tracks/90278768,all
127186133,https://api.soundcloud.com/tracks/127186133,all
122323065,https://api.soundcloud.com/tracks/122323065,all
76066409,https://api.soundcloud.com/tracks/76066409,all
118256448,https://api.soundcloud.com/tracks/118256448,all
106469572,https://api.soundcloud.com/tracks/106469572,all
54409989,https://api.soundcloud.com/tracks/54409989,all
102584812,https://api.soundcloud.com/tracks/102584812,all
61269205,https://api.soundcloud.com/tracks/61269205,all
109479806,https://api.soundcloud.com/tracks/109479806,all
124763618,https://api.soundcloud.com/tracks/124763618,all
123090204,https://api.soundcloud.com/tracks/123090204,all
106224971,https://api.soundcloud.com/tracks/106224971,all
93549493,https://api.soundcloud.com/tracks/93549493,all
104875840,https://api.soundcloud.com/tracks/104875840,all
126484540,https://api.soundcloud.com/tracks/126484540,all
38479395,https://api.soundcloud.com/tracks/38479395,all
102966912,https://api.soundcloud.com/tracks/102966912,all
46924505,https://api.soundcloud.com/tracks/46924505,all
101221156,https://api.soundcloud.com/tracks/101221156,all
125129429,https://api.soundcloud.com/tracks/125129429,all
101735222,https://api.soundcloud.com/tracks/101735222,all
104960916,https://api.soundcloud.com/tracks/104960916,all
37097566,https://api.soundcloud.com/tracks/37097566,all
120726159,https://api.soundcloud.com/tracks/120726159,all
98607573,https://api.soundcloud.com/tracks/98607573,all
107379975,https://api.soundcloud.com/tracks/107379975,all
106851947,https://api.soundcloud.com/tracks/106851947,all
99848619,https://api.soundcloud.com/tracks/99848619,all
71295060,https://api.soundcloud.com/tracks/71295060,all
121065885,https://api.soundcloud.com/tracks/121065885,all
126497803,https://api.soundcloud.com/tracks/126497803,all
98388039,https://api.soundcloud.com/tracks/98388039,all
76980581,https://api.soundcloud.com/tracks/76980581,all
50517664,https://api.soundcloud.com/tracks/50517664,all
52436649,https://api.soundcloud.com/tracks/52436649,all
58624417,https://api.soundcloud.com/tracks/58624417,all
48106061,https://api.soundcloud.com/tracks/48106061,all
107261833,https://api.soundcloud.com/tracks/107261833,all
121313682,https://api.soundcloud.com/tracks/121313682,all
106625670,https://api.soundcloud.com/tracks/106625670,all
107771809,https://api.soundcloud.com/tracks/107771809,all
120340699,https://api.soundcloud.com/tracks/120340699,all
103951104,https://api.soundcloud.com/tracks/103951104,all
44636975,https://api.soundcloud.com/tracks/44636975,all
125728318,https://api.soundcloud.com/tracks/125728318,all
110436344,https://api.soundcloud.com/tracks/110436344,all
120006748,https://api.soundcloud.com/tracks/120006748,all
123872303,https://api.soundcloud.com/tracks/123872303,all
42245952,https://api.soundcloud.com/tracks/42245952,all
120920657,https://api.soundcloud.com/tracks/120920657,all
93082544,https://api.soundcloud.com/tracks/93082544,all
120871281,https://api.soundcloud.com/tracks/120871281,all
46284938,https://api.soundcloud.com/tracks/46284938,all
43487353,https://api.soundcloud.com/tracks/43487353,all
97930623,https://api.soundcloud.com/tracks/97930623,all
81898931,https://api.soundcloud.com/tracks/81898931,all
34670920,https://api.soundcloud.com/tracks/34670920,all
71513961,https://api.soundcloud.com/tracks/71513961,all
108411158,https://api.soundcloud.com/tracks/108411158,all
38666789,https://api.soundcloud.com/tracks/38666789,all
95142522,https://api.soundcloud.com/tracks/95142522,all
71457531,https://api.soundcloud.com/tracks/71457531,all
102610821,https://api.soundcloud.com/tracks/102610821,all
110111439,https://api.soundcloud.com/tracks/110111439,all
120454360,https://api.soundcloud.com/tracks/120454360,all
35725065,https://api.soundcloud.com/tracks/35725065,all
125031705,https://api.soundcloud.com/tracks/125031705,all
34892014,https://api.soundcloud.com/tracks/34892014,all
41143325,https://api.soundcloud.com/tracks/41143325,all
123420366,https://api.soundcloud.com/tracks/123420366,all
83364030,https://api.soundcloud.com/tracks/83364030,all
118957379,https://api.soundcloud.com/tracks/118957379,all
104649616,https://api.soundcloud.com/tracks/104649616,all
42257677,https://api.soundcloud.com/tracks/42257677,all
57835775,https://api.soundcloud.com/tracks/57835775,all
35822298,https://api.soundcloud.com/tracks/35822298,all
50525654,https://api.soundcloud.com/tracks/50525654,all
119915381,https://api.soundcloud.com/tracks/119915381,all
125305727,https://api.soundcloud.com/tracks/125305727,all
38825853,https://api.soundcloud.com/tracks/38825853,all
122260800,https://api.soundcloud.com/tracks/122260800,all
46379340,https://api.soundcloud.com/tracks/46379340,all
41514265,https://api.soundcloud.com/tracks/41514265,all
42087571,https://api.soundcloud.com/tracks/42087571,all
121525609,https://api.soundcloud.com/tracks/121525609,all
104431118,https://api.soundcloud.com/tracks/104431118,all
81802988,https://api.soundcloud.com/tracks/81802988,all
101437196,https://api.soundcloud.com/tracks/101437196,all
124980193,https://api.soundcloud.com/tracks/124980193,all
44261163,https://api.soundcloud.com/tracks/44261163,all
41142620,https://api.soundcloud.com/tracks/41142620,all
124080998,https://api.soundcloud.com/tracks/124080998,all
121873474,https://api.soundcloud.com/tracks/121873474,all
58390089,https://api.soundcloud.com/tracks/58390089,all
118957378,https://api.soundcloud.com/tracks/118957378,all
103874279,https://api.soundcloud.com/tracks/103874279,all
119335747,https://api.soundcloud.com/tracks/119335747,all
126536638,https://api.soundcloud.com/tracks/126536638,all
105948317,https://api.soundcloud.com/tracks/105948317,all
98324794,https://api.soundcloud.com/tracks/98324794,all
117566269,https://api.soundcloud.com/tracks/117566269,all
119533505,https://api.soundcloud.com/tracks/119533505,all
37719904,https://api.soundcloud.com/tracks/37719904,all
68871169,https://api.soundcloud.com/tracks/68871169,all
54674532,https://api.soundcloud.com/tracks/54674532,all
87686531,https://api.soundcloud.com/tracks/87686531,all
117566262,https://api.soundcloud.com/tracks/117566262,all
105556727,https://api.soundcloud.com/tracks/105556727,all
125910011,https://api.soundcloud.com/tracks/125910011,all
125909679,https://api.soundcloud.com/tracks/125909679,all
123003656,https://api.soundcloud.com/tracks/123003656,all
121111715,https://api.soundcloud.com/tracks/121111715,all
46409252,https://api.soundcloud.com/tracks/46409252,all
109446195,https://api.soundcloud.com/tracks/109446195,all
125167080,https://api.soundcloud.com/tracks/125167080,all
81507246,https://api.soundcloud.com/tracks/81507246,all
123045502,https://api.soundcloud.com/tracks/123045502,all
106459146,https://api.soundcloud.com/tracks/106459146,all
82256773,https://api.soundcloud.com/tracks/82256773,all
107382106,https://api.soundcloud.com/tracks/107382106,all
108674092,https://api.soundcloud.com/tracks/108674092,all
98602690,https://api.soundcloud.com/tracks/98602690,all
126232687,https://api.soundcloud.com/tracks/126232687,all
90770458,https://api.soundcloud.com/tracks/90770458,all
102043998,https://api.soundcloud.com/tracks/102043998,all
112089964,https://api.soundcloud.com/tracks/112089964,all
63768852,https://api.soundcloud.com/tracks/63768852,all
106555754,https://api.soundcloud.com/tracks/106555754,all
117908298,https://api.soundcloud.com/tracks/117908298,all
115624601,https://api.soundcloud.com/tracks/115624601,all
49496077,https://api.soundcloud.com/tracks/49496077,all
32237029,https://api.soundcloud.com/tracks/32237029,all
91456731,https://api.soundcloud.com/tracks/91456731,all
37168948,https://api.soundcloud.com/tracks/37168948,all
49397584,https://api.soundcloud.com/tracks/49397584,all
88255092,https://api.soundcloud.com/tracks/88255092,all
105598822,https://api.soundcloud.com/tracks/105598822,all
75962377,https://api.soundcloud.com/tracks/75962377,all
37219836,https://api.soundcloud.com/tracks/37219836,all
50453332,https://api.soundcloud.com/tracks/50453332,all
61978040,https://api.soundcloud.com/tracks/61978040,all
68814301,https://api.soundcloud.com/tracks/68814301,all
85612494,https://api.soundcloud.com/tracks/85612494,all
55090934,https://api.soundcloud.com/tracks/55090934,all
69121491,https://api.soundcloud.com/tracks/69121491,all
74930645,https://api.soundcloud.com/tracks/74930645,all
86675765,https://api.soundcloud.com/tracks/86675765,all
91336063,https://api.soundcloud.com/tracks/91336063,all
91941864,https://api.soundcloud.com/tracks/91941864,all
91108478,https://api.soundcloud.com/tracks/91108478,all
102801653,https://api.soundcloud.com/tracks/102801653,all
72051717,https://api.soundcloud.com/tracks/72051717,all
68189835,https://api.soundcloud.com/tracks/68189835,all
98234545,https://api.soundcloud.com/tracks/98234545,all
89024587,https://api.soundcloud.com/tracks/89024587,all
102378368,https://api.soundcloud.com/tracks/102378368,all
86321531,https://api.soundcloud.com/tracks/86321531,all
61852485,https://api.soundcloud.com/tracks/61852485,all
89740461,https://api.soundcloud.com/tracks/89740461,all
44629785,https://api.soundcloud.com/tracks/44629785,all
87461320,https://api.soundcloud.com/tracks/87461320,all
123554560,https://api.soundcloud.com/tracks/123554560,all
98814006,https://api.soundcloud.com/tracks/98814006,all
71269435,https://api.soundcloud.com/tracks/71269435,all
69623993,https://api.soundcloud.com/tracks/69623993,all
62826027,https://api.soundcloud.com/tracks/62826027,all
63252648,https://api.soundcloud.com/tracks/63252648,all
125697759,https://api.soundcloud.com/tracks/125697759,all
89706880,https://api.soundcloud.com/tracks/89706880,all
57841920,https://api.soundcloud.com/tracks/57841920,all
86710350,https://api.soundcloud.com/tracks/86710350,all
83219220,https://api.soundcloud.com/tracks/83219220,all
70204579,https://api.soundcloud.com/tracks/70204579,all
48327682,https://api.soundcloud.com/tracks/48327682,all
62281397,https://api.soundcloud.com/tracks/62281397,all
73858753,https://api.soundcloud.com/tracks/73858753,all
54634175,https://api.soundcloud.com/tracks/54634175,all
51128074,https://api.soundcloud.com/tracks/51128074,all
85648984,https://api.soundcloud.com/tracks/85648984,all
122412243,https://api.soundcloud.com/tracks/122412243,all
33250822,https://api.soundcloud.com/tracks/33250822,all
109791725,https://api.soundcloud.com/tracks/109791725,all
38411123,https://api.soundcloud.com/tracks/38411123,all
64899884,https://api.soundcloud.com/tracks/64899884,all
105232603,https://api.soundcloud.com/tracks/105232603,all
48418604,https://api.soundcloud.com/tracks/48418604,all
108926145,https://api.soundcloud.com/tracks/108926145,all
78969523,https://api.soundcloud.com/tracks/78969523,all
35076642,https://api.soundcloud.com/tracks/35076642,all
34935289,https://api.soundcloud.com/tracks/34935289,all
37755293,https://api.soundcloud.com/tracks/37755293,all
71200369,https://api.soundcloud.com/tracks/71200369,all
38318541,https://api.soundcloud.com/tracks/38318541,all
47501700,https://api.soundcloud.com/tracks/47501700,all
87205602,https://api.soundcloud.com/tracks/87205602,all
98890389,https://api.soundcloud.com/tracks/98890389,all
67354798,https://api.soundcloud.com/tracks/67354798,all
95029886,https://api.soundcloud.com/tracks/95029886,all
90959195,https://api.soundcloud.com/tracks/90959195,all
86618882,https://api.soundcloud.com/tracks/86618882,all
68755431,https://api.soundcloud.com/tracks/68755431,all
44242218,https://api.soundcloud.com/tracks/44242218,all
47077826,https://api.soundcloud.com/tracks/47077826,all
43954214,https://api.soundcloud.com/tracks/43954214,all
58017354,https://api.soundcloud.com/tracks/58017354,all
92827500,https://api.soundcloud.com/tracks/92827500,all
55121009,https://api.soundcloud.com/tracks/55121009,all
37781432,https://api.soundcloud.com/tracks/37781432,all
106649473,https://api.soundcloud.com/tracks/106649473,all
58355808,https://api.soundcloud.com/tracks/58355808,all
72942294,https://api.soundcloud.com/tracks/72942294,all
40234392,https://api.soundcloud.com/tracks/40234392,all
79121354,https://api.soundcloud.com/tracks/79121354,all
84877691,https://api.soundcloud.com/tracks/84877691,all
82516739,https://api.soundcloud.com/tracks/82516739,all
81861798,https://api.soundcloud.com/tracks/81861798,all
56910303,https://api.soundcloud.com/tracks/56910303,all
76239937,https://api.soundcloud.com/tracks/76239937,all
58420691,https://api.soundcloud.com/tracks/58420691,all
64112831,https://api.soundcloud.com/tracks/64112831,all
50566488,https://api.soundcloud.com/tracks/50566488,all
51820194,https://api.soundcloud.com/tracks/51820194,all
89320465,https://api.soundcloud.com/tracks/89320465,all
78412047,https://api.soundcloud.com/tracks/78412047,all
52475570,https://api.soundcloud.com/tracks/52475570,all
96879743,https://api.soundcloud.com/tracks/96879743,all
81749069,https://api.soundcloud.com/tracks/81749069,all
43602155,https://api.soundcloud.com/tracks/43602155,all
79792361,https://api.soundcloud.com/tracks/79792361,all
111490964,https://api.soundcloud.com/tracks/111490964,all
124161381,https://api.soundcloud.com/tracks/124161381,all
52267559,https://api.soundcloud.com/tracks/52267559,all
59261690,https://api.soundcloud.com/tracks/59261690,all
95223100,https://api.soundcloud.com/tracks/95223100,all
85978025,https://api.soundcloud.com/tracks/85978025,all
34055489,https://api.soundcloud.com/tracks/34055489,all
115317042,https://api.soundcloud.com/tracks/115317042,all
40168575,https://api.soundcloud.com/tracks/40168575,all
126371019,https://api.soundcloud.com/tracks/126371019,all
96730252,https://api.soundcloud.com/tracks/96730252,all
94108838,https://api.soundcloud.com/tracks/94108838,all
110794746,https://api.soundcloud.com/tracks/110794746,all
94253878,https://api.soundcloud.com/tracks/94253878,all
88037552,https://api.soundcloud.com/tracks/88037552,all
106947931,https://api.soundcloud.com/tracks/106947931,all
97122699,https://api.soundcloud.com/tracks/97122699,all
63974629,https://api.soundcloud.com/tracks/63974629,all
73680177,https://api.soundcloud.com/tracks/73680177,all
97615714,https://api.soundcloud.com/tracks/97615714,all
104170783,https://api.soundcloud.com/tracks/104170783,all
77148445,https://api.soundcloud.com/tracks/77148445,all
62640811,https://api.soundcloud.com/tracks/62640811,all
99104676,https://api.soundcloud.com/tracks/99104676,all
84856641,https://api.soundcloud.com/tracks/84856641,all
38535291,https://api.soundcloud.com/tracks/38535291,all
101457615,https://api.soundcloud.com/tracks/101457615,all
96084687,https://api.soundcloud.com/tracks/96084687,all
48606920,https://api.soundcloud.com/tracks/48606920,all
61918628,https://api.soundcloud.com/tracks/61918628,all
73846473,https://api.soundcloud.com/tracks/73846473,all
66149063,https://api.soundcloud.com/tracks/66149063,all
91475677,https://api.soundcloud.com/tracks/91475677,all
79643338,https://api.soundcloud.com/tracks/79643338,all
121110738,https://api.soundcloud.com/tracks/121110738,all
89518334,https://api.soundcloud.com/tracks/89518334,all
75960148,https://api.soundcloud.com/tracks/75960148,all
112476767,https://api.soundcloud.com/tracks/112476767,all
56296779,https://api.soundcloud.com/tracks/56296779,all
42697881,https://api.soundcloud.com/tracks/42697881,all
61623581,https://api.soundcloud.com/tracks/61623581,all
57169408,https://api.soundcloud.com/tracks/57169408,all
109429847,https://api.soundcloud.com/tracks/109429847,all
98308119,https://api.soundcloud.com/tracks/98308119,all
38578237,https://api.soundcloud.com/tracks/38578237,all
86055904,https://api.soundcloud.com/tracks/86055904,all
64343986,https://api.soundcloud.com/tracks/64343986,all
59680632,https://api.soundcloud.com/tracks/59680632,all
57657131,https://api.soundcloud.com/tracks/57657131,all
60183512,https://api.soundcloud.com/tracks/60183512,all
57154553,https://api.soundcloud.com/tracks/57154553,all
45924845,https://api.soundcloud.com/tracks/45924845,all
67596954,https://api.soundcloud.com/tracks/67596954,all
41144644,https://api.soundcloud.com/tracks/41144644,all
62593478,https://api.soundcloud.com/tracks/62593478,all
36543912,https://api.soundcloud.com/tracks/36543912,all
55154560,https://api.soundcloud.com/tracks/55154560,all
49209748,https://api.soundcloud.com/tracks/49209748,all
49699742,https://api.soundcloud.com/tracks/49699742,all
47089790,https://api.soundcloud.com/tracks/47089790,all
86791202,https://api.soundcloud.com/tracks/86791202,all
69640666,https://api.soundcloud.com/tracks/69640666,all
97419905,https://api.soundcloud.com/tracks/97419905,all
43196272,https://api.soundcloud.com/tracks/43196272,all
41706463,https://api.soundcloud.com/tracks/41706463,all
92845472,https://api.soundcloud.com/tracks/92845472,all
82736457,https://api.soundcloud.com/tracks/82736457,all
54529584,https://api.soundcloud.com/tracks/54529584,all
79153844,https://api.soundcloud.com/tracks/79153844,all
71682763,https://api.soundcloud.com/tracks/71682763,all
54443688,https://api.soundcloud.com/tracks/54443688,all
46034573,https://api.soundcloud.com/tracks/46034573,all
83658991,https://api.soundcloud.com/tracks/83658991,all
84044164,https://api.soundcloud.com/tracks/84044164,all
86906899,https://api.soundcloud.com/tracks/86906899,all
83789511,https://api.soundcloud.com/tracks/83789511,all
43450846,https://api.soundcloud.com/tracks/43450846,all
97162572,https://api.soundcloud.com/tracks/97162572,all
82804793,https://api.soundcloud.com/tracks/82804793,all
101082514,https://api.soundcloud.com/tracks/101082514,all
37907987,https://api.soundcloud.com/tracks/37907987,all
71048556,https://api.soundcloud.com/tracks/71048556,all
36293207,https://api.soundcloud.com/tracks/36293207,all
36863837,https://api.soundcloud.com/tracks/36863837,all
55862383,https://api.soundcloud.com/tracks/55862383,all
43354627,https://api.soundcloud.com/tracks/43354627,all
48582197,https://api.soundcloud.com/tracks/48582197,all
111148053,https://api.soundcloud.com/tracks/111148053,all
63975203,https://api.soundcloud.com/tracks/63975203,all
43193026,https://api.soundcloud.com/tracks/43193026,all
36227118,https://api.soundcloud.com/tracks/36227118,all
63182656,https://api.soundcloud.com/tracks/63182656,all
87751673,https://api.soundcloud.com/tracks/87751673,all
41952504,https://api.soundcloud.com/tracks/41952504,all
50783878,https://api.soundcloud.com/tracks/50783878,all
62677094,https://api.soundcloud.com/tracks/62677094,all
87719419,https://api.soundcloud.com/tracks/87719419,all
85445112,https://api.soundcloud.com/tracks/85445112,all
47457168,https://api.soundcloud.com/tracks/47457168,all
85051725,https://api.soundcloud.com/tracks/85051725,all
82520331,https://api.soundcloud.com/tracks/82520331,all
41548923,https://api.soundcloud.com/tracks/41548923,all
39885630,https://api.soundcloud.com/tracks/39885630,all
92516261,https://api.soundcloud.com/tracks/92516261,all
69118916,https://api.soundcloud.com/tracks/69118916,all
39070549,https://api.soundcloud.com/tracks/39070549,all
84729752,https://api.soundcloud.com/tracks/84729752,all
88318915,https://api.soundcloud.com/tracks/88318915,all
82784134,https://api.soundcloud.com/tracks/82784134,all
57322480,https://api.soundcloud.com/tracks/57322480,all
39637970,https://api.soundcloud.com/tracks/39637970,all
64196528,https://api.soundcloud.com/tracks/64196528,all
96861860,https://api.soundcloud.com/tracks/96861860,all
86609917,https://api.soundcloud.com/tracks/86609917,all
47693179,https://api.soundcloud.com/tracks/47693179,all
35639596,https://api.soundcloud.com/tracks/35639596,all
53385312,https://api.soundcloud.com/tracks/53385312,all
37001860,https://api.soundcloud.com/tracks/37001860,all
73168488,https://api.soundcloud.com/tracks/73168488,all
95585327,https://api.soundcloud.com/tracks/95585327,all
39672382,https://api.soundcloud.com/tracks/39672382,all
93029541,https://api.soundcloud.com/tracks/93029541,all
70595896,https://api.soundcloud.com/tracks/70595896,all
101478783,https://api.soundcloud.com/tracks/101478783,all
55305721,https://api.soundcloud.com/tracks/55305721,all
92703346,https://api.soundcloud.com/tracks/92703346,all
85788764,https://api.soundcloud.com/tracks/85788764,all
48377625,https://api.soundcloud.com/tracks/48377625,all
76755841,https://api.soundcloud.com/tracks/76755841,all
56212930,https://api.soundcloud.com/tracks/56212930,all
56463401,https://api.soundcloud.com/tracks/56463401,all
42063194,https://api.soundcloud.com/tracks/42063194,all
87119599,https://api.soundcloud.com/tracks/87119599,all
80739696,https://api.soundcloud.com/tracks/80739696,all
119317406,https://api.soundcloud.com/tracks/119317406,all
52701874,https://api.soundcloud.com/tracks/52701874,all
50668652,https://api.soundcloud.com/tracks/50668652,all
39430504,https://api.soundcloud.com/tracks/39430504,all
41081426,https://api.soundcloud.com/tracks/41081426,all
69890886,https://api.soundcloud.com/tracks/69890886,all
63251390,https://api.soundcloud.com/tracks/63251390,all
32561867,https://api.soundcloud.com/tracks/32561867,all
41210769,https://api.soundcloud.com/tracks/41210769,all
66127767,https://api.soundcloud.com/tracks/66127767,all
35171395,https://api.soundcloud.com/tracks/35171395,all
53669593,https://api.soundcloud.com/tracks/53669593,all
55299420,https://api.soundcloud.com/tracks/55299420,all
46041959,https://api.soundcloud.com/tracks/46041959,all
52948275,https://api.soundcloud.com/tracks/52948275,all
92462020,https://api.soundcloud.com/tracks/92462020,all
38745146,https://api.soundcloud.com/tracks/38745146,all
81962083,https://api.soundcloud.com/tracks/81962083,all
82974331,https://api.soundcloud.com/tracks/82974331,all
57803210,https://api.soundcloud.com/tracks/57803210,all
35293319,https://api.soundcloud.com/tracks/35293319,all
57736827,https://api.soundcloud.com/tracks/57736827,all
88291328,https://api.soundcloud.com/tracks/88291328,all
84487394,https://api.soundcloud.com/tracks/84487394,all
95764399,https://api.soundcloud.com/tracks/95764399,all
84116685,https://api.soundcloud.com/tracks/84116685,all
54263134,https://api.soundcloud.com/tracks/54263134,all
57085146,https://api.soundcloud.com/tracks/57085146,all
72941379,https://api.soundcloud.com/tracks/72941379,all
45117043,https://api.soundcloud.com/tracks/45117043,all
80045079,https://api.soundcloud.com/tracks/80045079,all
63546692,https://api.soundcloud.com/tracks/63546692,all
50620227,https://api.soundcloud.com/tracks/50620227,all
64649701,https://api.soundcloud.com/tracks/64649701,all
94986825,https://api.soundcloud.com/tracks/94986825,all
94055459,https://api.soundcloud.com/tracks/94055459,all
35149612,https://api.soundcloud.com/tracks/35149612,all
37817996,https://api.soundcloud.com/tracks/37817996,all
56788474,https://api.soundcloud.com/tracks/56788474,all
32111101,https://api.soundcloud.com/tracks/32111101,all
54494693,https://api.soundcloud.com/tracks/54494693,all
86577298,https://api.soundcloud.com/tracks/86577298,all
56995175,https://api.soundcloud.com/tracks/56995175,all
82507865,https://api.soundcloud.com/tracks/82507865,all
70708512,https://api.soundcloud.com/tracks/70708512,all
84590369,https://api.soundcloud.com/tracks/84590369,all
72900835,https://api.soundcloud.com/tracks/72900835,all
81908552,https://api.soundcloud.com/tracks/81908552,all
51781713,https://api.soundcloud.com/tracks/51781713,all
49365246,https://api.soundcloud.com/tracks/49365246,all
41238462,https://api.soundcloud.com/tracks/41238462,all
57685101,https://api.soundcloud.com/tracks/57685101,all
81940722,https://api.soundcloud.com/tracks/81940722,all
45134585,https://api.soundcloud.com/tracks/45134585,all
51048237,https://api.soundcloud.com/tracks/51048237,all
118560908,https://api.soundcloud.com/tracks/118560908,all
52250427,https://api.soundcloud.com/tracks/52250427,all
43463461,https://api.soundcloud.com/tracks/43463461,all
52567590,https://api.soundcloud.com/tracks/52567590,all
73167718,https://api.soundcloud.com/tracks/73167718,all
45097217,https://api.soundcloud.com/tracks/45097217,all
78875717,https://api.soundcloud.com/tracks/78875717,all
67467753,https://api.soundcloud.com/tracks/67467753,all
70259795,https://api.soundcloud.com/tracks/70259795,all
72584855,https://api.soundcloud.com/tracks/72584855,all
40093682,https://api.soundcloud.com/tracks/40093682,all
113262727,https://api.soundcloud.com/tracks/113262727,all
52949281,https://api.soundcloud.com/tracks/52949281,all
49281653,https://api.soundcloud.com/tracks/49281653,all
68861112,https://api.soundcloud.com/tracks/68861112,all
81879404,https://api.soundcloud.com/tracks/81879404,all
53432582,https://api.soundcloud.com/tracks/53432582,all
53565123,https://api.soundcloud.com/tracks/53565123,all
62927693,https://api.soundcloud.com/tracks/62927693,all
88032390,https://api.soundcloud.com/tracks/88032390,all
93147998,https://api.soundcloud.com/tracks/93147998,all
94296832,https://api.soundcloud.com/tracks/94296832,all
41978249,https://api.soundcloud.com/tracks/41978249,all
115041295,https://api.soundcloud.com/tracks/115041295,all
76581527,https://api.soundcloud.com/tracks/76581527,all
37201533,https://api.soundcloud.com/tracks/37201533,all
54444573,https://api.soundcloud.com/tracks/54444573,all
39281859,https://api.soundcloud.com/tracks/39281859,all
56323954,https://api.soundcloud.com/tracks/56323954,all
70482263,https://api.soundcloud.com/tracks/70482263,all
91234957,https://api.soundcloud.com/tracks/91234957,all
89413628,https://api.soundcloud.com/tracks/89413628,all
75510257,https://api.soundcloud.com/tracks/75510257,all
87514905,https://api.soundcloud.com/tracks/87514905,all
87112779,https://api.soundcloud.com/tracks/87112779,all
41561809,https://api.soundcloud.com/tracks/41561809,all
89363450,https://api.soundcloud.com/tracks/89363450,all
64184727,https://api.soundcloud.com/tracks/64184727,all
116298775,https://api.soundcloud.com/tracks/116298775,all
53309339,https://api.soundcloud.com/tracks/53309339,all
64578655,https://api.soundcloud.com/tracks/64578655,all
113253431,https://api.soundcloud.com/tracks/113253431,all
82452929,https://api.soundcloud.com/tracks/82452929,all
94344407,https://api.soundcloud.com/tracks/94344407,all
82991177,https://api.soundcloud.com/tracks/82991177,all
63467789,https://api.soundcloud.com/tracks/63467789,all
101363872,https://api.soundcloud.com/tracks/101363872,all
123464130,https://api.soundcloud.com/tracks/123464130,all
121788759,https://api.soundcloud.com/tracks/121788759,all
87373124,https://api.soundcloud.com/tracks/87373124,all
65785151,https://api.soundcloud.com/tracks/65785151,all
68707189,https://api.soundcloud.com/tracks/68707189,all
88639397,https://api.soundcloud.com/tracks/88639397,all
50202595,https://api.soundcloud.com/tracks/50202595,all
74957748,https://api.soundcloud.com/tracks/74957748,all
58758372,https://api.soundcloud.com/tracks/58758372,all
93346134,https://api.soundcloud.com/tracks/93346134,all
113497705,https://api.soundcloud.com/tracks/113497705,all
67664676,https://api.soundcloud.com/tracks/67664676,all
88517621,https://api.soundcloud.com/tracks/88517621,all
92909685,https://api.soundcloud.com/tracks/92909685,all
96313014,https://api.soundcloud.com/tracks/96313014,all
93192572,https://api.soundcloud.com/tracks/93192572,all
74741583,https://api.soundcloud.com/tracks/74741583,all
109296625,https://api.soundcloud.com/tracks/109296625,all
97874087,https://api.soundcloud.com/tracks/97874087,all
62984307,https://api.soundcloud.com/tracks/62984307,all
116763244,https://api.soundcloud.com/tracks/116763244,all
89935751,https://api.soundcloud.com/tracks/89935751,all
91545274,https://api.soundcloud.com/tracks/91545274,all
89230731,https://api.soundcloud.com/tracks/89230731,all
63270216,https://api.soundcloud.com/tracks/63270216,all
60369128,https://api.soundcloud.com/tracks/60369128,all
93031997,https://api.soundcloud.com/tracks/93031997,all
53822124,https://api.soundcloud.com/tracks/53822124,all
89621035,https://api.soundcloud.com/tracks/89621035,all
90351710,https://api.soundcloud.com/tracks/90351710,all
69259684,https://api.soundcloud.com/tracks/69259684,all
62810439,https://api.soundcloud.com/tracks/62810439,all
80595118,https://api.soundcloud.com/tracks/80595118,all
42691392,https://api.soundcloud.com/tracks/42691392,all
78985294,https://api.soundcloud.com/tracks/78985294,all
51781897,https://api.soundcloud.com/tracks/51781897,all
65327764,https://api.soundcloud.com/tracks/65327764,all
42731453,https://api.soundcloud.com/tracks/42731453,all
63501331,https://api.soundcloud.com/tracks/63501331,all
97749384,https://api.soundcloud.com/tracks/97749384,all
32490109,https://api.soundcloud.com/tracks/32490109,all
53096074,https://api.soundcloud.com/tracks/53096074,all
41146230,https://api.soundcloud.com/tracks/41146230,all
72125604,https://api.soundcloud.com/tracks/72125604,all
48149280,https://api.soundcloud.com/tracks/48149280,all
32165317,https://api.soundcloud.com/tracks/32165317,all
79649678,https://api.soundcloud.com/tracks/79649678,all
55313798,https://api.soundcloud.com/tracks/55313798,all
68716267,https://api.soundcloud.com/tracks/68716267,all
94995833,https://api.soundcloud.com/tracks/94995833,all
56346347,https://api.soundcloud.com/tracks/56346347,all
76796047,https://api.soundcloud.com/tracks/76796047,all
87865932,https://api.soundcloud.com/tracks/87865932,all
50958522,https://api.soundcloud.com/tracks/50958522,all
89702255,https://api.soundcloud.com/tracks/89702255,all
93914434,https://api.soundcloud.com/tracks/93914434,all
56764777,https://api.soundcloud.com/tracks/56764777,all
56673766,https://api.soundcloud.com/tracks/56673766,all
90518617,https://api.soundcloud.com/tracks/90518617,all
66451057,https://api.soundcloud.com/tracks/66451057,all
64100642,https://api.soundcloud.com/tracks/64100642,all
64240923,https://api.soundcloud.com/tracks/64240923,all
43917043,https://api.soundcloud.com/tracks/43917043,all
37326111,https://api.soundcloud.com/tracks/37326111,all
44104778,https://api.soundcloud.com/tracks/44104778,all
63368702,https://api.soundcloud.com/tracks/63368702,all
88307773,https://api.soundcloud.com/tracks/88307773,all
82209691,https://api.soundcloud.com/tracks/82209691,all
61014467,https://api.soundcloud.com/tracks/61014467,all
90980784,https://api.soundcloud.com/tracks/90980784,all
97598908,https://api.soundcloud.com/tracks/97598908,all
54887308,https://api.soundcloud.com/tracks/54887308,all
70227465,https://api.soundcloud.com/tracks/70227465,all
106182798,https://api.soundcloud.com/tracks/106182798,all
52142802,https://api.soundcloud.com/tracks/52142802,all
38966379,https://api.soundcloud.com/tracks/38966379,all
105674838,https://api.soundcloud.com/tracks/105674838,all
35978623,https://api.soundcloud.com/tracks/35978623,all
61391619,https://api.soundcloud.com/tracks/61391619,all
59343983,https://api.soundcloud.com/tracks/59343983,all
96906579,https://api.soundcloud.com/tracks/96906579,all
94144288,https://api.soundcloud.com/tracks/94144288,all
91094747,https://api.soundcloud.com/tracks/91094747,all
41512810,https://api.soundcloud.com/tracks/41512810,all
102908960,https://api.soundcloud.com/tracks/102908960,all
105247043,https://api.soundcloud.com/tracks/105247043,all
107058222,https://api.soundcloud.com/tracks/107058222,all
40440620,https://api.soundcloud.com/tracks/40440620,all
80132920,https://api.soundcloud.com/tracks/80132920,all
124245130,https://api.soundcloud.com/tracks/124245130,all
94035340,https://api.soundcloud.com/tracks/94035340,all
60068695,https://api.soundcloud.com/tracks/60068695,all
80033734,https://api.soundcloud.com/tracks/80033734,all
51485372,https://api.soundcloud.com/tracks/51485372,all
58821028,https://api.soundcloud.com/tracks/58821028,all
59150828,https://api.soundcloud.com/tracks/59150828,all
34702630,https://api.soundcloud.com/tracks/34702630,all
40931843,https://api.soundcloud.com/tracks/40931843,all
73787759,https://api.soundcloud.com/tracks/73787759,all
50257625,https://api.soundcloud.com/tracks/50257625,all
108032263,https://api.soundcloud.com/tracks/108032263,all
48268456,https://api.soundcloud.com/tracks/48268456,all
58327023,https://api.soundcloud.com/tracks/58327023,all
51133812,https://api.soundcloud.com/tracks/51133812,all
69673798,https://api.soundcloud.com/tracks/69673798,all
73339945,https://api.soundcloud.com/tracks/73339945,all
38351190,https://api.soundcloud.com/tracks/38351190,all
54122982,https://api.soundcloud.com/tracks/54122982,all
83886007,https://api.soundcloud.com/tracks/83886007,all
63473292,https://api.soundcloud.com/tracks/63473292,all
38351335,https://api.soundcloud.com/tracks/38351335,all
46220524,https://api.soundcloud.com/tracks/46220524,all
68178399,https://api.soundcloud.com/tracks/68178399,all
59365076,https://api.soundcloud.com/tracks/59365076,all
85453247,https://api.soundcloud.com/tracks/85453247,all
46528431,https://api.soundcloud.com/tracks/46528431,all
67742968,https://api.soundcloud.com/tracks/67742968,all
72198901,https://api.soundcloud.com/tracks/72198901,all
114161390,https://api.soundcloud.com/tracks/114161390,all
86834013,https://api.soundcloud.com/tracks/86834013,all
99247329,https://api.soundcloud.com/tracks/99247329,all
113969512,https://api.soundcloud.com/tracks/113969512,all
34230065,https://api.soundcloud.com/tracks/34230065,all
121661016,https://api.soundcloud.com/tracks/121661016,all
127329867,https://api.soundcloud.com/tracks/127329867,all
101342794,https://api.soundcloud.com/tracks/101342794,all
112068022,https://api.soundcloud.com/tracks/112068022,all
74832358,https://api.soundcloud.com/tracks/74832358,all
50425705,https://api.soundcloud.com/tracks/50425705,all
48762078,https://api.soundcloud.com/tracks/48762078,all
109961962,https://api.soundcloud.com/tracks/109961962,all
52973492,https://api.soundcloud.com/tracks/52973492,all
113675850,https://api.soundcloud.com/tracks/113675850,all
68646489,https://api.soundcloud.com/tracks/68646489,all
61566310,https://api.soundcloud.com/tracks/61566310,all
124615153,https://api.soundcloud.com/tracks/124615153,all
38102400,https://api.soundcloud.com/tracks/38102400,all
100902401,https://api.soundcloud.com/tracks/100902401,all
95207864,https://api.soundcloud.com/tracks/95207864,all
65960188,https://api.soundcloud.com/tracks/65960188,all
39714138,https://api.soundcloud.com/tracks/39714138,all
39230699,https://api.soundcloud.com/tracks/39230699,all
39497131,https://api.soundcloud.com/tracks/39497131,all
118480285,https://api.soundcloud.com/tracks/118480285,all
67689172,https://api.soundcloud.com/tracks/67689172,all
126880235,https://api.soundcloud.com/tracks/126880235,all
54116113,https://api.soundcloud.com/tracks/54116113,all
119451600,https://api.soundcloud.com/tracks/119451600,all
108744486,https://api.soundcloud.com/tracks/108744486,all
90959739,https://api.soundcloud.com/tracks/90959739,all
80521250,https://api.soundcloud.com/tracks/80521250,all
57002990,https://api.soundcloud.com/tracks/57002990,all
41683895,https://api.soundcloud.com/tracks/41683895,all
41137229,https://api.soundcloud.com/tracks/41137229,all
52591089,https://api.soundcloud.com/tracks/52591089,all
40827671,https://api.soundcloud.com/tracks/40827671,all
38619237,https://api.soundcloud.com/tracks/38619237,all
43307232,https://api.soundcloud.com/tracks/43307232,all
57679165,https://api.soundcloud.com/tracks/57679165,all
70890817,https://api.soundcloud.com/tracks/70890817,all
41352893,https://api.soundcloud.com/tracks/41352893,all
40796767,https://api.soundcloud.com/tracks/40796767,all
48219233,https://api.soundcloud.com/tracks/48219233,all
114787477,https://api.soundcloud.com/tracks/114787477,all
56989211,https://api.soundcloud.com/tracks/56989211,all
73272284,https://api.soundcloud.com/tracks/73272284,all
54578263,https://api.soundcloud.com/tracks/54578263,all
36464625,https://api.soundcloud.com/tracks/36464625,all
39170920,https://api.soundcloud.com/tracks/39170920,all
103527013,https://api.soundcloud.com/tracks/103527013,all
79108577,https://api.soundcloud.com/tracks/79108577,all
125435615,https://api.soundcloud.com/tracks/125435615,all
91855235,https://api.soundcloud.com/tracks/91855235,all
93520107,https://api.soundcloud.com/tracks/93520107,all
67718997,https://api.soundcloud.com/tracks/67718997,all
93681147,https://api.soundcloud.com/tracks/93681147,all
57933551,https://api.soundcloud.com/tracks/57933551,all
60847172,https://api.soundcloud.com/tracks/60847172,all
98220428,https://api.soundcloud.com/tracks/98220428,all
92615599,https://api.soundcloud.com/tracks/92615599,all
117982303,https://api.soundcloud.com/tracks/117982303,all
101073228,https://api.soundcloud.com/tracks/101073228,all
80732931,https://api.soundcloud.com/tracks/80732931,all
