electronic,dubstep~160
dubstep,electronic~95
electronic~46
electronic,drumbass~40
electronic,electro~34
electronic,house~34
electronic,techno~31
electronic,house,progressivehouse~27
house,electronic~25
electronic,progressivehouse,house~17
house,electronic,progressivehouse~17
electronic,trance~16
electro,electronic~14
electronic,hardstyle~14
drumbass,electronic~8
house,progressivehouse,electronic~8
electronic,dance~7
electronic,house,deephouse~7
hiphop,trap~6
electronic,deephouse,house~5
electronic,techhouse,house~5
house,electronic,deephouse~5
dance,electronic~4
deephouse,electronic,house~4
electronic,chiptune~4
electronic,grime~4
electronic,drumbass,techstep~3
electronic,minimaltechno,techno~3
house,deephouse,electronic~3
progressivehouse,electronic,house~3
techhouse,house,electronic~3
techno,electronic~3
electronic,ambient~2
electronic,breakbeat~2
electronic,techno,minimaltechno~2
minimaltechno,techno,electronic~2
progressivehouse,house,electronic~2
rb~2
spoken~2
trance,electronic~2
trap,hiphop~2
ambient,downtempo,electronic~1
ambient,electronic~1
breakbeat,electronic~1
dancepop,pop~1
drumbass,electronic,neurofunk~1
electrohouse,electronic,house~1
electronic,ambient,downtempo~1
electronic,disco~1
electronic,electronicrock,dreampop~1
electronic,hardcoretechno~1
electronic,house,moombahton~1
electronic,house,techhouse~1
electronic,techno,hardtechno~1
electronic,techstep,drumbass~1
grime,electronic~1
hardstyle,electronic~1
house,electronic,microhouse~1
house,electronic,techhouse~1
house,moombahton,electronic~1
microhouse,electronic,house~1
neurofunk,drumbass,electronic~1
noise~1
techstep,electronic,drumbass~1
triphop,electronic~1
